experiment,seed,dataset,metric,value,checkpoint,source_file
one_seed_45_fafem_residual_frequency_guided_mscb_stage3_stronger_init_warmup_cosine,42,CVC-300,mDice,0.8830929279327393,seed_42/best_checkpoint.pth,seed_42/evaluation_summary.json
one_seed_45_fafem_residual_frequency_guided_mscb_stage3_stronger_init_warmup_cosine,42,CVC-300,mIoU,0.8123322029908498,seed_42/best_checkpoint.pth,seed_42/evaluation_summary.json
one_seed_45_fafem_residual_frequency_guided_mscb_stage3_stronger_init_warmup_cosine,42,CVC-300,S_alpha,0.929633806483521,seed_42/best_checkpoint.pth,seed_42/evaluation_summary.json
one_seed_45_fafem_residual_frequency_guided_mscb_stage3_stronger_init_warmup_cosine,42,CVC-300,F_beta_w,0.8582163365196894,seed_42/best_checkpoint.pth,seed_42/evaluation_summary.json
one_seed_45_fafem_residual_frequency_guided_mscb_stage3_stronger_init_warmup_cosine,42,CVC-300,maxE_phi,0.9701211713151261,seed_42/best_checkpoint.pth,seed_42/evaluation_summary.json
one_seed_45_fafem_residual_frequency_guided_mscb_stage3_stronger_init_warmup_cosine,42,CVC-300,mE_phi,0.9526473772581521,seed_42/best_checkpoint.pth,seed_42/evaluation_summary.json
one_seed_45_fafem_residual_frequency_guided_mscb_stage3_stronger_init_warmup_cosine,42,CVC-300,MAE,0.00766711185088176,seed_42/best_checkpoint.pth,seed_42/evaluation_summary.json
one_seed_45_fafem_residual_frequency_guided_mscb_stage3_stronger_init_warmup_cosine,42,CVC-ClinicDB,mDice,0.9342429791727374,seed_42/best_checkpoint.pth,seed_42/evaluation_summary.json
one_seed_45_fafem_residual_frequency_guided_mscb_stage3_stronger_init_warmup_cosine,42,CVC-ClinicDB,mIoU,0.8834054301823339,seed_42/best_checkpoint.pth,seed_42/evaluation_summary.json
one_seed_45_fafem_residual_frequency_guided_mscb_stage3_stronger_init_warmup_cosine,42,CVC-ClinicDB,S_alpha,0.9452727422833411,seed_42/best_checkpoint.pth,seed_42/evaluation_summary.json
one_seed_45_fafem_residual_frequency_guided_mscb_stage3_stronger_init_warmup_cosine,42,CVC-ClinicDB,F_beta_w,0.9222779099174999,seed_42/best_checkpoint.pth,seed_42/evaluation_summary.json
one_seed_45_fafem_residual_frequency_guided_mscb_stage3_stronger_init_warmup_cosine,42,CVC-ClinicDB,maxE_phi,0.9817463192534722,seed_42/best_checkpoint.pth,seed_42/evaluation_summary.json
one_seed_45_fafem_residual_frequency_guided_mscb_stage3_stronger_init_warmup_cosine,42,CVC-ClinicDB,mE_phi,0.976753747641283,seed_42/best_checkpoint.pth,seed_42/evaluation_summary.json
one_seed_45_fafem_residual_frequency_guided_mscb_stage3_stronger_init_warmup_cosine,42,CVC-ClinicDB,MAE,0.011129827116640286,seed_42/best_checkpoint.pth,seed_42/evaluation_summary.json
one_seed_45_fafem_residual_frequency_guided_mscb_stage3_stronger_init_warmup_cosine,42,CVC-ColonDB,mDice,0.8034491523862707,seed_42/best_checkpoint.pth,seed_42/evaluation_summary.json
one_seed_45_fafem_residual_frequency_guided_mscb_stage3_stronger_init_warmup_cosine,42,CVC-ColonDB,mIoU,0.7223448227792134,seed_42/best_checkpoint.pth,seed_42/evaluation_summary.json
one_seed_45_fafem_residual_frequency_guided_mscb_stage3_stronger_init_warmup_cosine,42,CVC-ColonDB,S_alpha,0.8665508692526531,seed_42/best_checkpoint.pth,seed_42/evaluation_summary.json
one_seed_45_fafem_residual_frequency_guided_mscb_stage3_stronger_init_warmup_cosine,42,CVC-ColonDB,F_beta_w,0.777801218567189,seed_42/best_checkpoint.pth,seed_42/evaluation_summary.json
one_seed_45_fafem_residual_frequency_guided_mscb_stage3_stronger_init_warmup_cosine,42,CVC-ColonDB,maxE_phi,0.9091988408814793,seed_42/best_checkpoint.pth,seed_42/evaluation_summary.json
one_seed_45_fafem_residual_frequency_guided_mscb_stage3_stronger_init_warmup_cosine,42,CVC-ColonDB,mE_phi,0.902877187888576,seed_42/best_checkpoint.pth,seed_42/evaluation_summary.json
one_seed_45_fafem_residual_frequency_guided_mscb_stage3_stronger_init_warmup_cosine,42,CVC-ColonDB,MAE,0.0337148304174525,seed_42/best_checkpoint.pth,seed_42/evaluation_summary.json
one_seed_45_fafem_residual_frequency_guided_mscb_stage3_stronger_init_warmup_cosine,42,ETIS-LaribPolypDB,mDice,0.7979706939480531,seed_42/best_checkpoint.pth,seed_42/evaluation_summary.json
one_seed_45_fafem_residual_frequency_guided_mscb_stage3_stronger_init_warmup_cosine,42,ETIS-LaribPolypDB,mIoU,0.7191954528988564,seed_42/best_checkpoint.pth,seed_42/evaluation_summary.json
one_seed_45_fafem_residual_frequency_guided_mscb_stage3_stronger_init_warmup_cosine,42,ETIS-LaribPolypDB,S_alpha,0.8821249810159567,seed_42/best_checkpoint.pth,seed_42/evaluation_summary.json
one_seed_45_fafem_residual_frequency_guided_mscb_stage3_stronger_init_warmup_cosine,42,ETIS-LaribPolypDB,F_beta_w,0.7616720501331721,seed_42/best_checkpoint.pth,seed_42/evaluation_summary.json
one_seed_45_fafem_residual_frequency_guided_mscb_stage3_stronger_init_warmup_cosine,42,ETIS-LaribPolypDB,maxE_phi,0.9175960392933017,seed_42/best_checkpoint.pth,seed_42/evaluation_summary.json
one_seed_45_fafem_residual_frequency_guided_mscb_stage3_stronger_init_warmup_cosine,42,ETIS-LaribPolypDB,mE_phi,0.904805079771281,seed_42/best_checkpoint.pth,seed_42/evaluation_summary.json
one_seed_45_fafem_residual_frequency_guided_mscb_stage3_stronger_init_warmup_cosine,42,ETIS-LaribPolypDB,MAE,0.01480472846230125,seed_42/best_checkpoint.pth,seed_42/evaluation_summary.json
one_seed_45_fafem_residual_frequency_guided_mscb_stage3_stronger_init_warmup_cosine,42,Kvasir-SEG,mDice,0.9335697877407074,seed_42/best_checkpoint.pth,seed_42/evaluation_summary.json
one_seed_45_fafem_residual_frequency_guided_mscb_stage3_stronger_init_warmup_cosine,42,Kvasir-SEG,mIoU,0.8859581428766251,seed_42/best_checkpoint.pth,seed_42/evaluation_summary.json
one_seed_45_fafem_residual_frequency_guided_mscb_stage3_stronger_init_warmup_cosine,42,Kvasir-SEG,S_alpha,0.9344751555990665,seed_42/best_checkpoint.pth,seed_42/evaluation_summary.json
one_seed_45_fafem_residual_frequency_guided_mscb_stage3_stronger_init_warmup_cosine,42,Kvasir-SEG,F_beta_w,0.9144705598039811,seed_42/best_checkpoint.pth,seed_42/evaluation_summary.json
one_seed_45_fafem_residual_frequency_guided_mscb_stage3_stronger_init_warmup_cosine,42,Kvasir-SEG,maxE_phi,0.9682553553849786,seed_42/best_checkpoint.pth,seed_42/evaluation_summary.json
one_seed_45_fafem_residual_frequency_guided_mscb_stage3_stronger_init_warmup_cosine,42,Kvasir-SEG,mE_phi,0.9619711949490297,seed_42/best_checkpoint.pth,seed_42/evaluation_summary.json
one_seed_45_fafem_residual_frequency_guided_mscb_stage3_stronger_init_warmup_cosine,42,Kvasir-SEG,MAE,0.023341814414614106,seed_42/best_checkpoint.pth,seed_42/evaluation_summary.json
one_seed_45_fafem_residual_frequency_guided_mscb_stage3_stronger_init_warmup_cosine,6543,CVC-300,mDice,0.8802734995905934,seed_6543/best_checkpoint.pth,seed_6543/evaluation_summary.json
one_seed_45_fafem_residual_frequency_guided_mscb_stage3_stronger_init_warmup_cosine,6543,CVC-300,mIoU,0.8089180355294922,seed_6543/best_checkpoint.pth,seed_6543/evaluation_summary.json
one_seed_45_fafem_residual_frequency_guided_mscb_stage3_stronger_init_warmup_cosine,6543,CVC-300,S_alpha,0.9245688462813213,seed_6543/best_checkpoint.pth,seed_6543/evaluation_summary.json
one_seed_45_fafem_residual_frequency_guided_mscb_stage3_stronger_init_warmup_cosine,6543,CVC-300,F_beta_w,0.8566779056072126,seed_6543/best_checkpoint.pth,seed_6543/evaluation_summary.json
one_seed_45_fafem_residual_frequency_guided_mscb_stage3_stronger_init_warmup_cosine,6543,CVC-300,maxE_phi,0.9694002129349211,seed_6543/best_checkpoint.pth,seed_6543/evaluation_summary.json
one_seed_45_fafem_residual_frequency_guided_mscb_stage3_stronger_init_warmup_cosine,6543,CVC-300,mE_phi,0.9612379916058669,seed_6543/best_checkpoint.pth,seed_6543/evaluation_summary.json
one_seed_45_fafem_residual_frequency_guided_mscb_stage3_stronger_init_warmup_cosine,6543,CVC-300,MAE,0.007192363959533144,seed_6543/best_checkpoint.pth,seed_6543/evaluation_summary.json
one_seed_45_fafem_residual_frequency_guided_mscb_stage3_stronger_init_warmup_cosine,6543,CVC-ClinicDB,mDice,0.9386166103424565,seed_6543/best_checkpoint.pth,seed_6543/evaluation_summary.json
one_seed_45_fafem_residual_frequency_guided_mscb_stage3_stronger_init_warmup_cosine,6543,CVC-ClinicDB,mIoU,0.8903237826401188,seed_6543/best_checkpoint.pth,seed_6543/evaluation_summary.json
one_seed_45_fafem_residual_frequency_guided_mscb_stage3_stronger_init_warmup_cosine,6543,CVC-ClinicDB,S_alpha,0.9473448506433803,seed_6543/best_checkpoint.pth,seed_6543/evaluation_summary.json
one_seed_45_fafem_residual_frequency_guided_mscb_stage3_stronger_init_warmup_cosine,6543,CVC-ClinicDB,F_beta_w,0.9265440498883705,seed_6543/best_checkpoint.pth,seed_6543/evaluation_summary.json
one_seed_45_fafem_residual_frequency_guided_mscb_stage3_stronger_init_warmup_cosine,6543,CVC-ClinicDB,maxE_phi,0.9831352009462185,seed_6543/best_checkpoint.pth,seed_6543/evaluation_summary.json
one_seed_45_fafem_residual_frequency_guided_mscb_stage3_stronger_init_warmup_cosine,6543,CVC-ClinicDB,mE_phi,0.9781056019815484,seed_6543/best_checkpoint.pth,seed_6543/evaluation_summary.json
one_seed_45_fafem_residual_frequency_guided_mscb_stage3_stronger_init_warmup_cosine,6543,CVC-ClinicDB,MAE,0.01061246487485227,seed_6543/best_checkpoint.pth,seed_6543/evaluation_summary.json
one_seed_45_fafem_residual_frequency_guided_mscb_stage3_stronger_init_warmup_cosine,6543,CVC-ColonDB,mDice,0.785734231551095,seed_6543/best_checkpoint.pth,seed_6543/evaluation_summary.json
one_seed_45_fafem_residual_frequency_guided_mscb_stage3_stronger_init_warmup_cosine,6543,CVC-ColonDB,mIoU,0.7051667162676212,seed_6543/best_checkpoint.pth,seed_6543/evaluation_summary.json
one_seed_45_fafem_residual_frequency_guided_mscb_stage3_stronger_init_warmup_cosine,6543,CVC-ColonDB,S_alpha,0.8547755627091559,seed_6543/best_checkpoint.pth,seed_6543/evaluation_summary.json
one_seed_45_fafem_residual_frequency_guided_mscb_stage3_stronger_init_warmup_cosine,6543,CVC-ColonDB,F_beta_w,0.7647298547655964,seed_6543/best_checkpoint.pth,seed_6543/evaluation_summary.json
one_seed_45_fafem_residual_frequency_guided_mscb_stage3_stronger_init_warmup_cosine,6543,CVC-ColonDB,maxE_phi,0.9019011873243833,seed_6543/best_checkpoint.pth,seed_6543/evaluation_summary.json
one_seed_45_fafem_residual_frequency_guided_mscb_stage3_stronger_init_warmup_cosine,6543,CVC-ColonDB,mE_phi,0.8953474732268343,seed_6543/best_checkpoint.pth,seed_6543/evaluation_summary.json
one_seed_45_fafem_residual_frequency_guided_mscb_stage3_stronger_init_warmup_cosine,6543,CVC-ColonDB,MAE,0.03575145989307466,seed_6543/best_checkpoint.pth,seed_6543/evaluation_summary.json
one_seed_45_fafem_residual_frequency_guided_mscb_stage3_stronger_init_warmup_cosine,6543,ETIS-LaribPolypDB,mDice,0.7876520139138171,seed_6543/best_checkpoint.pth,seed_6543/evaluation_summary.json
one_seed_45_fafem_residual_frequency_guided_mscb_stage3_stronger_init_warmup_cosine,6543,ETIS-LaribPolypDB,mIoU,0.707034111331952,seed_6543/best_checkpoint.pth,seed_6543/evaluation_summary.json
one_seed_45_fafem_residual_frequency_guided_mscb_stage3_stronger_init_warmup_cosine,6543,ETIS-LaribPolypDB,S_alpha,0.8766077971778613,seed_6543/best_checkpoint.pth,seed_6543/evaluation_summary.json
one_seed_45_fafem_residual_frequency_guided_mscb_stage3_stronger_init_warmup_cosine,6543,ETIS-LaribPolypDB,F_beta_w,0.7499312295928195,seed_6543/best_checkpoint.pth,seed_6543/evaluation_summary.json
one_seed_45_fafem_residual_frequency_guided_mscb_stage3_stronger_init_warmup_cosine,6543,ETIS-LaribPolypDB,maxE_phi,0.9170495063477783,seed_6543/best_checkpoint.pth,seed_6543/evaluation_summary.json
one_seed_45_fafem_residual_frequency_guided_mscb_stage3_stronger_init_warmup_cosine,6543,ETIS-LaribPolypDB,mE_phi,0.9023625479576283,seed_6543/best_checkpoint.pth,seed_6543/evaluation_summary.json
one_seed_45_fafem_residual_frequency_guided_mscb_stage3_stronger_init_warmup_cosine,6543,ETIS-LaribPolypDB,MAE,0.015296731778319089,seed_6543/best_checkpoint.pth,seed_6543/evaluation_summary.json
one_seed_45_fafem_residual_frequency_guided_mscb_stage3_stronger_init_warmup_cosine,6543,Kvasir-SEG,mDice,0.9261860054731369,seed_6543/best_checkpoint.pth,seed_6543/evaluation_summary.json
one_seed_45_fafem_residual_frequency_guided_mscb_stage3_stronger_init_warmup_cosine,6543,Kvasir-SEG,mIoU,0.8754633015394211,seed_6543/best_checkpoint.pth,seed_6543/evaluation_summary.json
one_seed_45_fafem_residual_frequency_guided_mscb_stage3_stronger_init_warmup_cosine,6543,Kvasir-SEG,S_alpha,0.9301034861073393,seed_6543/best_checkpoint.pth,seed_6543/evaluation_summary.json
one_seed_45_fafem_residual_frequency_guided_mscb_stage3_stronger_init_warmup_cosine,6543,Kvasir-SEG,F_beta_w,0.9051534626564827,seed_6543/best_checkpoint.pth,seed_6543/evaluation_summary.json
one_seed_45_fafem_residual_frequency_guided_mscb_stage3_stronger_init_warmup_cosine,6543,Kvasir-SEG,maxE_phi,0.963441650479489,seed_6543/best_checkpoint.pth,seed_6543/evaluation_summary.json
one_seed_45_fafem_residual_frequency_guided_mscb_stage3_stronger_init_warmup_cosine,6543,Kvasir-SEG,mE_phi,0.9570724506819553,seed_6543/best_checkpoint.pth,seed_6543/evaluation_summary.json
one_seed_45_fafem_residual_frequency_guided_mscb_stage3_stronger_init_warmup_cosine,6543,Kvasir-SEG,MAE,0.024753610682082546,seed_6543/best_checkpoint.pth,seed_6543/evaluation_summary.json
one_seed_45_fafem_residual_frequency_guided_mscb_stage3_stronger_init_warmup_cosine,7777,CVC-300,mDice,0.8828153133392334,seed_7777/best_checkpoint.pth,seed_7777/evaluation_summary.json
one_seed_45_fafem_residual_frequency_guided_mscb_stage3_stronger_init_warmup_cosine,7777,CVC-300,mIoU,0.8099318328003089,seed_7777/best_checkpoint.pth,seed_7777/evaluation_summary.json
one_seed_45_fafem_residual_frequency_guided_mscb_stage3_stronger_init_warmup_cosine,7777,CVC-300,S_alpha,0.9300093527776916,seed_7777/best_checkpoint.pth,seed_7777/evaluation_summary.json
one_seed_45_fafem_residual_frequency_guided_mscb_stage3_stronger_init_warmup_cosine,7777,CVC-300,F_beta_w,0.8563592557233689,seed_7777/best_checkpoint.pth,seed_7777/evaluation_summary.json
one_seed_45_fafem_residual_frequency_guided_mscb_stage3_stronger_init_warmup_cosine,7777,CVC-300,maxE_phi,0.9722654767850537,seed_7777/best_checkpoint.pth,seed_7777/evaluation_summary.json
one_seed_45_fafem_residual_frequency_guided_mscb_stage3_stronger_init_warmup_cosine,7777,CVC-300,mE_phi,0.953544604157447,seed_7777/best_checkpoint.pth,seed_7777/evaluation_summary.json
one_seed_45_fafem_residual_frequency_guided_mscb_stage3_stronger_init_warmup_cosine,7777,CVC-300,MAE,0.007244565494613728,seed_7777/best_checkpoint.pth,seed_7777/evaluation_summary.json
one_seed_45_fafem_residual_frequency_guided_mscb_stage3_stronger_init_warmup_cosine,7777,CVC-ClinicDB,mDice,0.9382337336578677,seed_7777/best_checkpoint.pth,seed_7777/evaluation_summary.json
one_seed_45_fafem_residual_frequency_guided_mscb_stage3_stronger_init_warmup_cosine,7777,CVC-ClinicDB,mIoU,0.889474856276666,seed_7777/best_checkpoint.pth,seed_7777/evaluation_summary.json
one_seed_45_fafem_residual_frequency_guided_mscb_stage3_stronger_init_warmup_cosine,7777,CVC-ClinicDB,S_alpha,0.947319567505135,seed_7777/best_checkpoint.pth,seed_7777/evaluation_summary.json
one_seed_45_fafem_residual_frequency_guided_mscb_stage3_stronger_init_warmup_cosine,7777,CVC-ClinicDB,F_beta_w,0.9273374863441647,seed_7777/best_checkpoint.pth,seed_7777/evaluation_summary.json
one_seed_45_fafem_residual_frequency_guided_mscb_stage3_stronger_init_warmup_cosine,7777,CVC-ClinicDB,maxE_phi,0.9825967638266162,seed_7777/best_checkpoint.pth,seed_7777/evaluation_summary.json
one_seed_45_fafem_residual_frequency_guided_mscb_stage3_stronger_init_warmup_cosine,7777,CVC-ClinicDB,mE_phi,0.9778710427328636,seed_7777/best_checkpoint.pth,seed_7777/evaluation_summary.json
one_seed_45_fafem_residual_frequency_guided_mscb_stage3_stronger_init_warmup_cosine,7777,CVC-ClinicDB,MAE,0.010862173753337695,seed_7777/best_checkpoint.pth,seed_7777/evaluation_summary.json
one_seed_45_fafem_residual_frequency_guided_mscb_stage3_stronger_init_warmup_cosine,7777,CVC-ColonDB,mDice,0.7938691594312026,seed_7777/best_checkpoint.pth,seed_7777/evaluation_summary.json
one_seed_45_fafem_residual_frequency_guided_mscb_stage3_stronger_init_warmup_cosine,7777,CVC-ColonDB,mIoU,0.7150217147420317,seed_7777/best_checkpoint.pth,seed_7777/evaluation_summary.json
one_seed_45_fafem_residual_frequency_guided_mscb_stage3_stronger_init_warmup_cosine,7777,CVC-ColonDB,S_alpha,0.8623815326311447,seed_7777/best_checkpoint.pth,seed_7777/evaluation_summary.json
one_seed_45_fafem_residual_frequency_guided_mscb_stage3_stronger_init_warmup_cosine,7777,CVC-ColonDB,F_beta_w,0.7720174220550945,seed_7777/best_checkpoint.pth,seed_7777/evaluation_summary.json
one_seed_45_fafem_residual_frequency_guided_mscb_stage3_stronger_init_warmup_cosine,7777,CVC-ColonDB,maxE_phi,0.904029240182496,seed_7777/best_checkpoint.pth,seed_7777/evaluation_summary.json
one_seed_45_fafem_residual_frequency_guided_mscb_stage3_stronger_init_warmup_cosine,7777,CVC-ColonDB,mE_phi,0.8967182485557823,seed_7777/best_checkpoint.pth,seed_7777/evaluation_summary.json
one_seed_45_fafem_residual_frequency_guided_mscb_stage3_stronger_init_warmup_cosine,7777,CVC-ColonDB,MAE,0.03511685134902776,seed_7777/best_checkpoint.pth,seed_7777/evaluation_summary.json
one_seed_45_fafem_residual_frequency_guided_mscb_stage3_stronger_init_warmup_cosine,7777,ETIS-LaribPolypDB,mDice,0.7753183095908501,seed_7777/best_checkpoint.pth,seed_7777/evaluation_summary.json
one_seed_45_fafem_residual_frequency_guided_mscb_stage3_stronger_init_warmup_cosine,7777,ETIS-LaribPolypDB,mIoU,0.6951255160880546,seed_7777/best_checkpoint.pth,seed_7777/evaluation_summary.json
one_seed_45_fafem_residual_frequency_guided_mscb_stage3_stronger_init_warmup_cosine,7777,ETIS-LaribPolypDB,S_alpha,0.875166626433332,seed_7777/best_checkpoint.pth,seed_7777/evaluation_summary.json
one_seed_45_fafem_residual_frequency_guided_mscb_stage3_stronger_init_warmup_cosine,7777,ETIS-LaribPolypDB,F_beta_w,0.7478923084210506,seed_7777/best_checkpoint.pth,seed_7777/evaluation_summary.json
one_seed_45_fafem_residual_frequency_guided_mscb_stage3_stronger_init_warmup_cosine,7777,ETIS-LaribPolypDB,maxE_phi,0.9124265129451266,seed_7777/best_checkpoint.pth,seed_7777/evaluation_summary.json
one_seed_45_fafem_residual_frequency_guided_mscb_stage3_stronger_init_warmup_cosine,7777,ETIS-LaribPolypDB,mE_phi,0.9000450007333838,seed_7777/best_checkpoint.pth,seed_7777/evaluation_summary.json
one_seed_45_fafem_residual_frequency_guided_mscb_stage3_stronger_init_warmup_cosine,7777,ETIS-LaribPolypDB,MAE,0.013750117635777796,seed_7777/best_checkpoint.pth,seed_7777/evaluation_summary.json
one_seed_45_fafem_residual_frequency_guided_mscb_stage3_stronger_init_warmup_cosine,7777,Kvasir-SEG,mDice,0.9340962564945221,seed_7777/best_checkpoint.pth,seed_7777/evaluation_summary.json
one_seed_45_fafem_residual_frequency_guided_mscb_stage3_stronger_init_warmup_cosine,7777,Kvasir-SEG,mIoU,0.8863615426421165,seed_7777/best_checkpoint.pth,seed_7777/evaluation_summary.json
one_seed_45_fafem_residual_frequency_guided_mscb_stage3_stronger_init_warmup_cosine,7777,Kvasir-SEG,S_alpha,0.9346255591869875,seed_7777/best_checkpoint.pth,seed_7777/evaluation_summary.json
one_seed_45_fafem_residual_frequency_guided_mscb_stage3_stronger_init_warmup_cosine,7777,Kvasir-SEG,F_beta_w,0.91432347322634,seed_7777/best_checkpoint.pth,seed_7777/evaluation_summary.json
one_seed_45_fafem_residual_frequency_guided_mscb_stage3_stronger_init_warmup_cosine,7777,Kvasir-SEG,maxE_phi,0.967759145321083,seed_7777/best_checkpoint.pth,seed_7777/evaluation_summary.json
one_seed_45_fafem_residual_frequency_guided_mscb_stage3_stronger_init_warmup_cosine,7777,Kvasir-SEG,mE_phi,0.9614603833646481,seed_7777/best_checkpoint.pth,seed_7777/evaluation_summary.json
one_seed_45_fafem_residual_frequency_guided_mscb_stage3_stronger_init_warmup_cosine,7777,Kvasir-SEG,MAE,0.023784349364201693,seed_7777/best_checkpoint.pth,seed_7777/evaluation_summary.json
one_seed_45_fafem_residual_frequency_guided_mscb_stage3_stronger_init_warmup_cosine,mean,CVC-300,mDice,0.8820605802875221,--,aggregate: seeds 42|6543|7777; ddof=1
one_seed_45_fafem_residual_frequency_guided_mscb_stage3_stronger_init_warmup_cosine,std,CVC-300,mDice,0.0015538695339805677,--,aggregate: seeds 42|6543|7777; ddof=1
one_seed_45_fafem_residual_frequency_guided_mscb_stage3_stronger_init_warmup_cosine,mean,CVC-300,mIoU,0.8103940237735503,--,aggregate: seeds 42|6543|7777; ddof=1
one_seed_45_fafem_residual_frequency_guided_mscb_stage3_stronger_init_warmup_cosine,std,CVC-300,mIoU,0.0017533825125618753,--,aggregate: seeds 42|6543|7777; ddof=1
one_seed_45_fafem_residual_frequency_guided_mscb_stage3_stronger_init_warmup_cosine,mean,CVC-300,S_alpha,0.9280706685141779,--,aggregate: seeds 42|6543|7777; ddof=1
one_seed_45_fafem_residual_frequency_guided_mscb_stage3_stronger_init_warmup_cosine,std,CVC-300,S_alpha,0.003038474611982672,--,aggregate: seeds 42|6543|7777; ddof=1
one_seed_45_fafem_residual_frequency_guided_mscb_stage3_stronger_init_warmup_cosine,mean,CVC-300,F_beta_w,0.8570844992834236,--,aggregate: seeds 42|6543|7777; ddof=1
one_seed_45_fafem_residual_frequency_guided_mscb_stage3_stronger_init_warmup_cosine,std,CVC-300,F_beta_w,0.0009930639879518002,--,aggregate: seeds 42|6543|7777; ddof=1
one_seed_45_fafem_residual_frequency_guided_mscb_stage3_stronger_init_warmup_cosine,mean,CVC-300,maxE_phi,0.9705956203450335,--,aggregate: seeds 42|6543|7777; ddof=1
one_seed_45_fafem_residual_frequency_guided_mscb_stage3_stronger_init_warmup_cosine,std,CVC-300,maxE_phi,0.0014903894270305235,--,aggregate: seeds 42|6543|7777; ddof=1
one_seed_45_fafem_residual_frequency_guided_mscb_stage3_stronger_init_warmup_cosine,mean,CVC-300,mE_phi,0.9558099910071554,--,aggregate: seeds 42|6543|7777; ddof=1
one_seed_45_fafem_residual_frequency_guided_mscb_stage3_stronger_init_warmup_cosine,std,CVC-300,mE_phi,0.004722144311847565,--,aggregate: seeds 42|6543|7777; ddof=1
one_seed_45_fafem_residual_frequency_guided_mscb_stage3_stronger_init_warmup_cosine,mean,CVC-300,MAE,0.007368013768342878,--,aggregate: seeds 42|6543|7777; ddof=1
one_seed_45_fafem_residual_frequency_guided_mscb_stage3_stronger_init_warmup_cosine,std,CVC-300,MAE,0.00026033823633884345,--,aggregate: seeds 42|6543|7777; ddof=1
one_seed_45_fafem_residual_frequency_guided_mscb_stage3_stronger_init_warmup_cosine,mean,CVC-ClinicDB,mDice,0.9370311077243537,--,aggregate: seeds 42|6543|7777; ddof=1
one_seed_45_fafem_residual_frequency_guided_mscb_stage3_stronger_init_warmup_cosine,std,CVC-ClinicDB,mDice,0.0024221672638681806,--,aggregate: seeds 42|6543|7777; ddof=1
one_seed_45_fafem_residual_frequency_guided_mscb_stage3_stronger_init_warmup_cosine,mean,CVC-ClinicDB,mIoU,0.8877346896997063,--,aggregate: seeds 42|6543|7777; ddof=1
one_seed_45_fafem_residual_frequency_guided_mscb_stage3_stronger_init_warmup_cosine,std,CVC-ClinicDB,mIoU,0.0037731995665761793,--,aggregate: seeds 42|6543|7777; ddof=1
one_seed_45_fafem_residual_frequency_guided_mscb_stage3_stronger_init_warmup_cosine,mean,CVC-ClinicDB,S_alpha,0.9466457201439521,--,aggregate: seeds 42|6543|7777; ddof=1
one_seed_45_fafem_residual_frequency_guided_mscb_stage3_stronger_init_warmup_cosine,std,CVC-ClinicDB,S_alpha,0.0011891009055441269,--,aggregate: seeds 42|6543|7777; ddof=1
one_seed_45_fafem_residual_frequency_guided_mscb_stage3_stronger_init_warmup_cosine,mean,CVC-ClinicDB,F_beta_w,0.9253864820500116,--,aggregate: seeds 42|6543|7777; ddof=1
one_seed_45_fafem_residual_frequency_guided_mscb_stage3_stronger_init_warmup_cosine,std,CVC-ClinicDB,F_beta_w,0.002721176377895674,--,aggregate: seeds 42|6543|7777; ddof=1
one_seed_45_fafem_residual_frequency_guided_mscb_stage3_stronger_init_warmup_cosine,mean,CVC-ClinicDB,maxE_phi,0.9824927613421023,--,aggregate: seeds 42|6543|7777; ddof=1
one_seed_45_fafem_residual_frequency_guided_mscb_stage3_stronger_init_warmup_cosine,std,CVC-ClinicDB,maxE_phi,0.0007002574360192555,--,aggregate: seeds 42|6543|7777; ddof=1
one_seed_45_fafem_residual_frequency_guided_mscb_stage3_stronger_init_warmup_cosine,mean,CVC-ClinicDB,mE_phi,0.9775767974518983,--,aggregate: seeds 42|6543|7777; ddof=1
one_seed_45_fafem_residual_frequency_guided_mscb_stage3_stronger_init_warmup_cosine,std,CVC-ClinicDB,mE_phi,0.0007223660798731955,--,aggregate: seeds 42|6543|7777; ddof=1
one_seed_45_fafem_residual_frequency_guided_mscb_stage3_stronger_init_warmup_cosine,mean,CVC-ClinicDB,MAE,0.01086815524827675,--,aggregate: seeds 42|6543|7777; ddof=1
one_seed_45_fafem_residual_frequency_guided_mscb_stage3_stronger_init_warmup_cosine,std,CVC-ClinicDB,MAE,0.00025873298208434827,--,aggregate: seeds 42|6543|7777; ddof=1
one_seed_45_fafem_residual_frequency_guided_mscb_stage3_stronger_init_warmup_cosine,mean,CVC-ColonDB,mDice,0.7943508477895227,--,aggregate: seeds 42|6543|7777; ddof=1
one_seed_45_fafem_residual_frequency_guided_mscb_stage3_stronger_init_warmup_cosine,std,CVC-ColonDB,mDice,0.008867278207265246,--,aggregate: seeds 42|6543|7777; ddof=1
one_seed_45_fafem_residual_frequency_guided_mscb_stage3_stronger_init_warmup_cosine,mean,CVC-ColonDB,mIoU,0.7141777512629554,--,aggregate: seeds 42|6543|7777; ddof=1
one_seed_45_fafem_residual_frequency_guided_mscb_stage3_stronger_init_warmup_cosine,std,CVC-ColonDB,mIoU,0.008620095219683644,--,aggregate: seeds 42|6543|7777; ddof=1
one_seed_45_fafem_residual_frequency_guided_mscb_stage3_stronger_init_warmup_cosine,mean,CVC-ColonDB,S_alpha,0.8612359881976511,--,aggregate: seeds 42|6543|7777; ddof=1
one_seed_45_fafem_residual_frequency_guided_mscb_stage3_stronger_init_warmup_cosine,std,CVC-ColonDB,S_alpha,0.005970650306722299,--,aggregate: seeds 42|6543|7777; ddof=1
one_seed_45_fafem_residual_frequency_guided_mscb_stage3_stronger_init_warmup_cosine,mean,CVC-ColonDB,F_beta_w,0.7715161651292933,--,aggregate: seeds 42|6543|7777; ddof=1
one_seed_45_fafem_residual_frequency_guided_mscb_stage3_stronger_init_warmup_cosine,std,CVC-ColonDB,F_beta_w,0.006550082578688906,--,aggregate: seeds 42|6543|7777; ddof=1
one_seed_45_fafem_residual_frequency_guided_mscb_stage3_stronger_init_warmup_cosine,mean,CVC-ColonDB,maxE_phi,0.9050430894627862,--,aggregate: seeds 42|6543|7777; ddof=1
one_seed_45_fafem_residual_frequency_guided_mscb_stage3_stronger_init_warmup_cosine,std,CVC-ColonDB,maxE_phi,0.0037529794340240784,--,aggregate: seeds 42|6543|7777; ddof=1
one_seed_45_fafem_residual_frequency_guided_mscb_stage3_stronger_init_warmup_cosine,mean,CVC-ColonDB,mE_phi,0.898314303223731,--,aggregate: seeds 42|6543|7777; ddof=1
one_seed_45_fafem_residual_frequency_guided_mscb_stage3_stronger_init_warmup_cosine,std,CVC-ColonDB,mE_phi,0.004010572727070557,--,aggregate: seeds 42|6543|7777; ddof=1
one_seed_45_fafem_residual_frequency_guided_mscb_stage3_stronger_init_warmup_cosine,mean,CVC-ColonDB,MAE,0.03486104721985164,--,aggregate: seeds 42|6543|7777; ddof=1
one_seed_45_fafem_residual_frequency_guided_mscb_stage3_stronger_init_warmup_cosine,std,CVC-ColonDB,MAE,0.001042133254253466,--,aggregate: seeds 42|6543|7777; ddof=1
one_seed_45_fafem_residual_frequency_guided_mscb_stage3_stronger_init_warmup_cosine,mean,ETIS-LaribPolypDB,mDice,0.7869803391509068,--,aggregate: seeds 42|6543|7777; ddof=1
one_seed_45_fafem_residual_frequency_guided_mscb_stage3_stronger_init_warmup_cosine,std,ETIS-LaribPolypDB,mDice,0.011341119411546698,--,aggregate: seeds 42|6543|7777; ddof=1
one_seed_45_fafem_residual_frequency_guided_mscb_stage3_stronger_init_warmup_cosine,mean,ETIS-LaribPolypDB,mIoU,0.7071183601062877,--,aggregate: seeds 42|6543|7777; ddof=1
one_seed_45_fafem_residual_frequency_guided_mscb_stage3_stronger_init_warmup_cosine,std,ETIS-LaribPolypDB,mIoU,0.01203518956689013,--,aggregate: seeds 42|6543|7777; ddof=1
one_seed_45_fafem_residual_frequency_guided_mscb_stage3_stronger_init_warmup_cosine,mean,ETIS-LaribPolypDB,S_alpha,0.87796646820905,--,aggregate: seeds 42|6543|7777; ddof=1
one_seed_45_fafem_residual_frequency_guided_mscb_stage3_stronger_init_warmup_cosine,std,ETIS-LaribPolypDB,S_alpha,0.0036727598414036207,--,aggregate: seeds 42|6543|7777; ddof=1
one_seed_45_fafem_residual_frequency_guided_mscb_stage3_stronger_init_warmup_cosine,mean,ETIS-LaribPolypDB,F_beta_w,0.7531651960490141,--,aggregate: seeds 42|6543|7777; ddof=1
one_seed_45_fafem_residual_frequency_guided_mscb_stage3_stronger_init_warmup_cosine,std,ETIS-LaribPolypDB,F_beta_w,0.0074373533392624765,--,aggregate: seeds 42|6543|7777; ddof=1
one_seed_45_fafem_residual_frequency_guided_mscb_stage3_stronger_init_warmup_cosine,mean,ETIS-LaribPolypDB,maxE_phi,0.9156906861954021,--,aggregate: seeds 42|6543|7777; ddof=1
one_seed_45_fafem_residual_frequency_guided_mscb_stage3_stronger_init_warmup_cosine,std,ETIS-LaribPolypDB,maxE_phi,0.002840034299264145,--,aggregate: seeds 42|6543|7777; ddof=1
one_seed_45_fafem_residual_frequency_guided_mscb_stage3_stronger_init_warmup_cosine,mean,ETIS-LaribPolypDB,mE_phi,0.902404209487431,--,aggregate: seeds 42|6543|7777; ddof=1
one_seed_45_fafem_residual_frequency_guided_mscb_stage3_stronger_init_warmup_cosine,std,ETIS-LaribPolypDB,mE_phi,0.0023803129781724596,--,aggregate: seeds 42|6543|7777; ddof=1
one_seed_45_fafem_residual_frequency_guided_mscb_stage3_stronger_init_warmup_cosine,mean,ETIS-LaribPolypDB,MAE,0.014617192625466046,--,aggregate: seeds 42|6543|7777; ddof=1
one_seed_45_fafem_residual_frequency_guided_mscb_stage3_stronger_init_warmup_cosine,std,ETIS-LaribPolypDB,MAE,0.0007901778875989225,--,aggregate: seeds 42|6543|7777; ddof=1
one_seed_45_fafem_residual_frequency_guided_mscb_stage3_stronger_init_warmup_cosine,mean,Kvasir-SEG,mDice,0.9312840165694555,--,aggregate: seeds 42|6543|7777; ddof=1
one_seed_45_fafem_residual_frequency_guided_mscb_stage3_stronger_init_warmup_cosine,std,Kvasir-SEG,mDice,0.0044228475206394245,--,aggregate: seeds 42|6543|7777; ddof=1
one_seed_45_fafem_residual_frequency_guided_mscb_stage3_stronger_init_warmup_cosine,mean,Kvasir-SEG,mIoU,0.8825943290193875,--,aggregate: seeds 42|6543|7777; ddof=1
one_seed_45_fafem_residual_frequency_guided_mscb_stage3_stronger_init_warmup_cosine,std,Kvasir-SEG,mIoU,0.006178943884898739,--,aggregate: seeds 42|6543|7777; ddof=1
one_seed_45_fafem_residual_frequency_guided_mscb_stage3_stronger_init_warmup_cosine,mean,Kvasir-SEG,S_alpha,0.9330680669644643,--,aggregate: seeds 42|6543|7777; ddof=1
one_seed_45_fafem_residual_frequency_guided_mscb_stage3_stronger_init_warmup_cosine,std,Kvasir-SEG,S_alpha,0.0025685034657635794,--,aggregate: seeds 42|6543|7777; ddof=1
one_seed_45_fafem_residual_frequency_guided_mscb_stage3_stronger_init_warmup_cosine,mean,Kvasir-SEG,F_beta_w,0.9113158318956013,--,aggregate: seeds 42|6543|7777; ddof=1
one_seed_45_fafem_residual_frequency_guided_mscb_stage3_stronger_init_warmup_cosine,std,Kvasir-SEG,F_beta_w,0.005337275015844386,--,aggregate: seeds 42|6543|7777; ddof=1
one_seed_45_fafem_residual_frequency_guided_mscb_stage3_stronger_init_warmup_cosine,mean,Kvasir-SEG,maxE_phi,0.9664853837285169,--,aggregate: seeds 42|6543|7777; ddof=1
one_seed_45_fafem_residual_frequency_guided_mscb_stage3_stronger_init_warmup_cosine,std,Kvasir-SEG,maxE_phi,0.002647600833831649,--,aggregate: seeds 42|6543|7777; ddof=1
one_seed_45_fafem_residual_frequency_guided_mscb_stage3_stronger_init_warmup_cosine,mean,Kvasir-SEG,mE_phi,0.9601680096652111,--,aggregate: seeds 42|6543|7777; ddof=1
one_seed_45_fafem_residual_frequency_guided_mscb_stage3_stronger_init_warmup_cosine,std,Kvasir-SEG,mE_phi,0.002692971626808567,--,aggregate: seeds 42|6543|7777; ddof=1
one_seed_45_fafem_residual_frequency_guided_mscb_stage3_stronger_init_warmup_cosine,mean,Kvasir-SEG,MAE,0.023959924820299447,--,aggregate: seeds 42|6543|7777; ddof=1
one_seed_45_fafem_residual_frequency_guided_mscb_stage3_stronger_init_warmup_cosine,std,Kvasir-SEG,MAE,0.0007220887970308123,--,aggregate: seeds 42|6543|7777; ddof=1
